BUSINESS_ID,STARS
x5vSE0-NO_YSZtOnitLWuQ,3
rt-EKmn8xpUuWdePYPPcHQ,2
KcbFFh7xfBLl2YeXQRhUNg,3
wHeG9RYU3_k3wlCgkLGDRA,3
XvTBQotmJpVPjPNaMM7qLA,3
x2nALssJGy_6p74ddxx3GQ,3
TRJHqPTKFFFglV0OGXS3Ig,2
oaOT2G5mIE8yOPZ55RM4cA,5
AJ8DDFm6QaihAPZI3wFBHw,4
sKWZ_tAOVMZoC4Qk8_Bd4A,1
UY13CTgUqriT-fMxT2APLw,5
p4GMQauk2iqZnN6cj81s3g,2
4Iak803d4fyY358jSMRasg,4
DTvcpHf2gGKgSujUVXA7sA,1
9MJDPVeLqAWLqdWF4Heqvg,3
QYIhMNwxXejDoCr-F1BxDg,4
Wnq5to0-jXyh0-_jRZ6VOQ,3
-cBQKodqi77Q0vk-9iDvQA,3
yVLbAdSQQURBNWsJIxzmfw,3
qBMQUR66_7pmld8NmGxVFg,5
IUTU_8qM7M8j9A1TbmMjYA,4
8F-CalsRSKiPjjsx8ql8Lg,4
qgAZPDQStZP_Y5XTiQ6UqA,3
P6c0lV9DeJ6ofntpTWyqhA,4
21fK0m8sQFbRQv3RlskE2w,2
XfNDmxQiG5nZVZe-JY10NA,4
6Z3lZEEIKv6opbyavmnGbA,4
ndQTAJzhhkrl1i5ToEGSZw,5
HlkjT-4MXW_efuEydjrR1A,5
YMZy_nGxtJtuQvflM6Ltww,5
2rLuOMi6Q6zzqUU8ltreSA,1
JzOp695tclcNCNMuBl7oxA,4
0TBTV3q6QXCn9vNhy3Xi2w,4
Hr5h_LG9TMBLlFz_Oici0A,5
sZf_KrF9ZLC7z4jiLGgVOw,3
ZHQU79PMUGCX0fEoyCcWlw,4
0U-1Wkl7y-wv39qM6WKL_w,4
RyJIi1IP0UQ5qGbwazgsIA,2
-yXkMzPPQ2PvzIC-NrH-Sg,3
GIhzzb9tjqLCYdNP_k3-dQ,3
vKgsXz3W4BIquVcgJs19sQ,5
zJCbSgXWFWwvKiIRFFuiTA,4
iikAHVLZrZn7Zy1aEPD25A,4
5jxn3_C5rjBow-aiBqcQNg,4
QBLl3bVLWZB4-jS-O_MKug,5
6a-EXpakLH9tLtv8SDWdWQ,4
T1tvWywCdTv8YiK-r_roLw,3
NmbBDuALeotUv01k7Qqr7g,3
QYIhMNwxXejDoCr-F1BxDg,3
Xwf022IffmZPq6V25iomDg,3
Se9dkAqNfBoOoAbKT0LEsg,5
P1Ks4okkg58xKTXLjGp4iQ,2
9R8Ia-EwSBJR5CUHN1K9yw,4
uO81UPtXJK9L0s1rOkwMjQ,2
BYQXVyuarIvLi32JzMLSVg,4
y45zdBlXT0Mr0gEfYOzXlw,3
DPZBuTuL7w5MVxsCEyQudQ,1
edVhUxTKz4nn5-qF7Ix_7g,4
O6obMXRKCnLMygvm2fSp0w,3
tkSk6jdenjbYEcqSchFR7g,3
pApEPv1-ApXee4GYYMB5AQ,5
SqL19z7A7LB91RkWWwWvnQ,4
TohJiJOsB7XwRyenaQel6w,2
g5l4vrFN03ob_zDDztDDjA,3
u4TVM_6Ya1FBRszxcBROWA,5
tWiFat101ID5w_wgAPMXhA,5
fZM_o3kKZ9mR-1pvBeow8A,2
_nB8HNT2IDRhlAoY9TPYew,4
bh0dRmSXjNWZLRys2VmW6A,5
dDZqtA1me453GrMtpcpYOQ,3
tVVZcFFt3ZlWVE7nptN3EQ,3
ofAbFXOMz2-Di7p2oDsfhQ,3
hRL_qCrcu9UL773su0QabQ,2
_9SDJqTh8z0t3WZmVvbnYA,1
JzOp695tclcNCNMuBl7oxA,5
HgJGwePlWjhzOEL028pSig,1
momjERcb6G6ienrfPuNArw,4
PRbIMseOwPCCRv5C4SfTDQ,4
D3ehpx1uKG5aLuaJgztYDg,5
dSEpkUP_RuR5gG_LhJ_INA,3
5FIOXmUE3qMviX9GafGH-Q,3
fCaJNz9ff4x0x46fPA8nXg,2
jGKcrKCPZ7wtFticJ6KZHg,5
V-dxglt0zIcBZzZ-4gfgAw,2
AqYLbchnIxVSBdUJuLVdrA,1
Jzth-y32SyvOhJNgbIPTqQ,5
afrS2T04mfdWHYxuK-2knA,1
y78qakVvpdRgIzManeISAw,5
mZsvMd5RCat1d3KMSD5tsg,5
0TBTV3q6QXCn9vNhy3Xi2w,5
Q3G58vv1ClvH4re9QBsVgQ,3
W2CzAePJakvARgoQuohbOA,5
giLPHHPabZycyoNHoP35Sw,5
OzkK-4IqoBqqIZIdhVJXQA,5
1wiv2BvvauMj8hS16UuEYw,4
mKRKhFuJX4nhJykUvZO8hQ,4
jlbP9Yd0AQP8OlcsFkZ4hQ,4
I9VW1y9hmHKAtaO0edSyzA,4
4z2evNWOBm7b4-7Td0392A,4
O0VtL9uyf0CY1Yq-kZT8fA,4
WCE7YEBV_jOk-KaIEndrGg,4
ZhjU0FkCIaG43F83TwSN8w,3
5FIOXmUE3qMviX9GafGH-Q,4
hRL_qCrcu9UL773su0QabQ,3
Md_TTNUkO7U47b3cass4gw,3
mbnU0WTmBcYDvUu0ch6O8A,5
oYfzCy8kUkALFa28og_OsQ,3
IvbVnHO2Y5w4b61rJ5xHaQ,5
kzQ7vylNAQn3w2JGBEluPg,5
r0rtl4OsZy-F099jeO_DKA,3
iUaxM9t-ZcdTjI2Zx_3vEQ,4
jiOREht1_iH8BPDBe9kerw,4
oaOT2G5mIE8yOPZ55RM4cA,5
BaPKO2rV_uaOtRliKtaFcQ,4
oVAySgyWYzzmvJpTJ8PO5Q,5
tamr4J75GguGhF1hm1wEaA,4
XvTBQotmJpVPjPNaMM7qLA,3
2ZUEOFbbwTjrvkTEVXAdPw,4
AfN3Z1U6QPEgAb5F2CQm8w,4
sKWZ_tAOVMZoC4Qk8_Bd4A,4
9XSF1vFyteVhj9sbD2DEAg,5
RzLlGTOFQZyoFgEpk0Ik0Q,4
-mklrNaGHec-ZnTAsBtilA,1
-jCh1266UulWxTtUpUiDFw,5
uIE9H0cz2AvxorEqy5cZ0w,4
63dCBZQILHR-QogyKXnvXw,4
dEq4Yj50tWOSzxqXloahsw,5
4Iak803d4fyY358jSMRasg,2
Zz7XBdd0Eu9JZgamvIBFzQ,5
U6P56MjLrraN0JBNvOjxaA,4
MbAsfN3wwV22K7GZsgcBqA,4
d3C5QTYpZCdp2pV1Cq5G_g,4
vzJ1z1dPKFsM9zoTv6tL3g,1
mKf7pIkOYpEhJTqjw4_Fxg,4
nhOCUUgFa1izAiWVKAxhCQ,5
2UZ4nBPHew9nKWcQyeG0TQ,5
5FIOXmUE3qMviX9GafGH-Q,5
TT4XW2WMG0PNyUIFBIINuA,4
EVbEdWYLE9GDpVG97MGw-w,4
dimv16yFu0JXR1n1SAqedQ,1
wl0QZqAzr1DelslQ02JGCQ,4
wXsccicHhEvNssIJhdmS2Q,5
Oh66jkE6zCIIBDSEBwz0Cw,2
L2iT7pipc455Tgpbo35_mw,1
WF0bsux--lnBfV95xmGTpw,5
6t7mlTVjDA9fhuFAZmVzAQ,1
DS0E9qEyVTyV_BGWoPgjGQ,5
mtBAaQ2xarcjZtPbLhar4g,5
mbV5FSZjiUViAdwcYRY0Rw,4
iBihgoxc6Ot7m2D4D3z0QA,2
i631pRlq0u29VvaMshW67A,3
W2CzAePJakvARgoQuohbOA,3
JhEtJbGjAqKDHCZ11i3qoQ,4
gDOuHjntsN37XEjROoQ2Aw,5
2q2gGuigGrCFmx3juLAVww,4
NUhHkT1wfXsTLxt_tWwVXw,3
3JnO3AEqRD8DbXkWP-gTFw,5
8F-CalsRSKiPjjsx8ql8Lg,4
366FaRQ1MWEHBhaEKTcriQ,5
tIauOelAC3BZk_xhMoDBUg,2
U6P56MjLrraN0JBNvOjxaA,5
OMxgLbrSCEU12265nz9JVA,4
hIgGkG1JnHX4xmVuOgegDw,4
ZvtELJTUOh0yRrPxyyiakQ,4
AbnpKkW0mpv34jtRps4C0A,4
P6c0lV9DeJ6ofntpTWyqhA,3
ZO2-nQjKZBoZUSOzJb4CUQ,5
tWiFat101ID5w_wgAPMXhA,4
RMtnJYAAiXmUFrMngttEoQ,4
5J1SoLkAM2zAOKqrRB7rCQ,4
AgE33nKGtNLQkCKQBW44Tw,5
5FIOXmUE3qMviX9GafGH-Q,5
CO8MpD1bSkBPArXKBKkIfA,3
1zsM7weLS8fNHomDAqCh4Q,5
ndQTAJzhhkrl1i5ToEGSZw,1
aiX_WP7NKPTdF9CfI-M-wg,3
3vta1BSPwdSulcCFMpBjDw,2
CMCAZVvZlP0ztWo6fhwnGg,2
neO0lOx9YE3r7SvVkmpS8w,2
fZM_o3kKZ9mR-1pvBeow8A,2
NlxSKTGm2khkYloVMoKlRw,5
7_08jLr277WpzXkcERXhjA,3
ydt5yifyYhF5s430llv_Hw,1
5FIOXmUE3qMviX9GafGH-Q,5
46QWVor8H5eUDNYnx-fMnw,5
pD6Eg5iI8zgS1YZZYk0TVA,5
RyJIi1IP0UQ5qGbwazgsIA,1
DPZBuTuL7w5MVxsCEyQudQ,4
gONNfEoNaRLNtgaAcxwsLQ,2
fKRKE4XQzOCgddSSQAESTQ,4
aVkVDJ01OgvNwhlCUz_bng,4
SurnOSM2bVVN4-Js3G23RQ,4
gVVmLRUrAf-mqgndol3rUw,5
jJDKPJLzkoPeytWIzstJrA,2
v9RoRhf64X5E06gdqeudFQ,5
_XptUzewghAxa0_4R7br-Q,5
BTf8sELl1TjovRc0f-tgJg,5
qOd7QUh-sIB7zN7RbP1-qw,5
Gw-ozqLSHoP3BQPKaiXJGg,5
8RZf-eJI5J05Qu60TD_6fA,5
gWqwzJTx8g588U3f7BkZnw,5
EVbEdWYLE9GDpVG97MGw-w,5
4c-O3t8I-JxfUGJDUwvj6Q,5
UBQRhqRMW4Sk7kSZvZ1iAQ,3
1wiv2BvvauMj8hS16UuEYw,3
HkbNItNrnXlNo59M0YyoMg,3
FzwAT5zi8hy5kJ79HaKJPQ,1
DVaTciFGcCXLHTufHZM4_A,4
7ef7jYhmfbxSI7s57HoJAg,4
UhCSu92r2XVPmhQET1c2Bw,5
hRL_qCrcu9UL773su0QabQ,5
T3y7m50JXsf8HI66L4f72w,2
tduDcM1hWHPeyQ9SRPTQmQ,4
jN00dj1opLMyFczkCTptqQ,5
i631pRlq0u29VvaMshW67A,1
1uCoWygbmehTJP8Su_3QVA,5
rIHt5dCEPotEn-gy6IUT_A,4
cbLEGyROMNKbOZpEah3seQ,3
XWiL_1CtBWmd1unCiWj_XQ,3
E6Cb9EwRyXQrIpJqoT4nSg,3
4yIOZXIYJiQlkqW_MUtVgQ,5
Z96TEJDXyUhCerS-9QllXw,3
AZQKMMvX9m1-uTdLPMzK3g,4
CMCAZVvZlP0ztWo6fhwnGg,2
aiX_WP7NKPTdF9CfI-M-wg,4
fE9SP84G6TZrv36FLbCy7w,4
RN0PTeMSF_eaeXN6VV7RwA,2
NUhHkT1wfXsTLxt_tWwVXw,4
Rj3wnYT1QAxpJlRT5mMc-g,4
Dqzkdf0sz8lm9AFjfsDmIw,3
uKKNw68mZZaa1jcyszEbyA,3
gp9ZESRRNLqWfgJtEzPThA,4
futvxFkM42RYxXr8ROogBQ,4
OJBn0HFMvVB9TDcr4OLttw,5
T3y7m50JXsf8HI66L4f72w,4
l8X3I6h4EdDR-Fv_KV8joA,5
pHpU8lnnxMuPWRHOysuMIQ,3
ZpdSgmF55vELLYl4b26tKw,4
3KFWuiz8lla9SospgQn6Yg,5
AtSEe-B2mFmLFHBf4PLTrw,3
QYIhMNwxXejDoCr-F1BxDg,3
GB6bZTCMmqZncRSxurNblA,4
NxjUiGBNgyDErKXnmQ3s3w,2
4yIOZXIYJiQlkqW_MUtVgQ,3
8XFDd4uX-g5B4JJzIahPHg,5
Crhm6oKCj7raPlakwltbVQ,4
qMJyOW1FdPOf8sli8DIq_A,5
lx_HJMFpKEZW-e9_-LyuQg,3
4fbH3Yr1D5r5-QD-HReDlg,2
bJnikvRTWIoGp23TfQ0BTw,5
0x2qB4R790SX3W4W8FQuWA,5
ROMFVEFKEYi7qhyITX6jfA,5
_uMRu3765QYo0Qg1z1LKqw,4
HJLiVxuvtN0n73BASSZKoQ,2
2rLuOMi6Q6zzqUU8ltreSA,5
rX9k0BJ0OM1zGKXKjfXZQA,4
IWOQNyRqWrnqQA5K49eK5g,4
Pd9cq5LkReRCNsgyh19wJQ,4
QjZNLqhYjGSSH3yyjB8fmA,5
8B1TIuaqhaZ7QMEhDUu-Gg,3
yvwK4MO2qnSZE5ggYGyk1A,4
WjVTG8dxmNpbvfKO0gH14Q,1
SurnOSM2bVVN4-Js3G23RQ,5
KXGkJy-s9W1re2sXqSqoiA,4
qgAZPDQStZP_Y5XTiQ6UqA,4
JzOp695tclcNCNMuBl7oxA,4
U6P56MjLrraN0JBNvOjxaA,3
CmgNyXaBPsn6hLLtWPL_qg,3
x60RbvQEFlvImnqzuBVk3Q,2
NRLsHNbEPpQfaAYS5OLGxg,4
izSn0Go-ObiSgc90B6hEfg,2
VDMRlQXba3OiCSCpKKTIrg,4
Wnq5to0-jXyh0-_jRZ6VOQ,4
wopyolJM2hOAt3dPRmahNA,2
kj1p6NwUGROOoqNySf0I1Q,2
6i_ai8qjYjhxDV988ZRWFQ,5
TjnyNxBUdI68LIXggWOmvw,5
zDyv4CoaYvAgQhgr1IK1sg,4
SkZ7f-zFsKrthhhppDn6Tg,2
R9XSSEzwkmwwwqB76K7s2A,1
XZ5eG2IEqu_MuZyTZTcpSg,5
L9qDnDHSnINNjePwrJz-uQ,5
jJDKPJLzkoPeytWIzstJrA,3
gMN6VKmu4E1EmlMYzz9A3w,5
bKoLvj4R8OUE2tFiqDvv_w,5
jcsan4Rl4RARDIuv7tXz5Q,5
wl0QZqAzr1DelslQ02JGCQ,5
iPxaFtUXxOlJ-0hMHCM7wg,5
oGlIOWdOcAkq4_8IShjQgA,5
qOd7QUh-sIB7zN7RbP1-qw,5
AOWP-Th_u8C3qLfOlaC0ng,5
0HgLKI1T9WT3hJXskDtUrQ,5
CmgNyXaBPsn6hLLtWPL_qg,4
riM-pBsdqRRVXtAVbLfsxQ,3
1zsM7weLS8fNHomDAqCh4Q,4
yet0Pww_ouW49T7V41ecSw,5
1wiv2BvvauMj8hS16UuEYw,4
-cBQKodqi77Q0vk-9iDvQA,5
xAVj_vQj9eTHorWMxY4CPQ,5
M8Fp8K23OeMS4dr35vbfjw,5
JzOp695tclcNCNMuBl7oxA,5
CmgNyXaBPsn6hLLtWPL_qg,5
Z890syqhhoShqFnIyIu9EA,1
Athxc1MbotCHRpKOPNnBuw,3
MEJsTLArqRJgHob7lhgSzw,2
vhIJ91MDgUuk4Cr9Kpj1Nw,5
1UweGrt6mgiTCfsmLMiUxg,1
bh0dRmSXjNWZLRys2VmW6A,4
D3ehpx1uKG5aLuaJgztYDg,3
y4HQ7UaBJaa7LwgDqfFWgA,4
hAioxEk3WU-SzlqIM4TI7w,4
pdF7iJgA4ViACgA4t1OymQ,1
dEq4Yj50tWOSzxqXloahsw,5
ZUz_qc4z8bTOGUoa644eQQ,5
SWhHaWFuijy_KDs0zVCJog,3
SOwXfqwUr6NWmbBS0tx_GA,4
nR6190BfeXH5qmk3f4jwCA,5
5EIJCSrXLHvM2HEoKCejpw,2
nBJvxIwO1wU2DVqyQMczng,5
JzOp695tclcNCNMuBl7oxA,2
fckUjXz1GKpafT4x7-MVJA,3
366FaRQ1MWEHBhaEKTcriQ,3
dEV7S-n0HNipS5XUFAaK8w,5
MAUTYES01tZGlZzAOCSnng,4
5FIOXmUE3qMviX9GafGH-Q,4
2q2gGuigGrCFmx3juLAVww,1
DKusRJUxgsye1cdrlGgQOg,5
JR2ma-JU1CO_xVD_p5-RPw,5
prh-RlduJU3z3ynA5lU3Wg,4
ndQTAJzhhkrl1i5ToEGSZw,5
VfX7rhtX03yNg56ISz8gVQ,3
-KsER702IEQF7QOXANuAIg,3
sahppzQJ0HtvMC7L8ILTVg,1
1wiv2BvvauMj8hS16UuEYw,4
Bjn-GQg6hoUOkew7tTPcLA,5
GIhzzb9tjqLCYdNP_k3-dQ,5
y45zdBlXT0Mr0gEfYOzXlw,4
u6_qfV--qVopLy3jhbirjg,5
hRL_qCrcu9UL773su0QabQ,5
BTENr68s2xysZtOAcf6qTg,5
aiX_WP7NKPTdF9CfI-M-wg,5
riM-pBsdqRRVXtAVbLfsxQ,4
SWhHaWFuijy_KDs0zVCJog,4
VJz2DcvX47i-wqlQ0mQEzQ,5
X1twjafYxMCpKt2MqvY5Tw,5
b1s8c1CTlHmLIlNGI9q-mQ,5
p4KtWurOF5MgWipav08Jpg,5
SzHP4_x-ECuBDVK6npb-Ow,3
vuHzLZ7nAeT-EiecOkS5Og,5
_DMrezN4Aq4T_7VmUjdnpg,5
FtLibezRe7HsT13BLpR-Dg,4
ndQTAJzhhkrl1i5ToEGSZw,1
Wnq5to0-jXyh0-_jRZ6VOQ,5
JhEtJbGjAqKDHCZ11i3qoQ,4
yvwK4MO2qnSZE5ggYGyk1A,3
aqMfCbFNeWn1a4Evds83fg,5
rbreGWFCGNnBCEakGY4F0Q,3
P6c0lV9DeJ6ofntpTWyqhA,1
fC6Zkye_Yd_rf7CJZ1C2VQ,5
ZsThT0P2-_qYemYwPJ6qbA,5
ti7UmThnMV34Juvib64FhA,5
zB4TOI3Ci9BOidw55TREbA,4
n43SvzsYHO_4UTC_QwrZKA,5
zI4zrcOIePiEAQTBB2dCHA,5
p-9tfaYQrfz0FlvsOVDVUA,2
ormVt7XAMLy3DP1tGcxUEQ,1
WfXBS8eJP4GGXVTCIIbnkQ,1
5EIJCSrXLHvM2HEoKCejpw,4
gDOuHjntsN37XEjROoQ2Aw,5
gr-10WzRS0GsZ36N9_PTPA,1
u2Z7wvTpZJzQEhfFBS-06g,1
RetPg5rBPO6YoyaCdI51Hg,5
lpD3xIYuVaQA8xRSlKwn-Q,3
MRKRcM5ogwRuFguPPKOKfQ,5
LsmAjC6kThIx_GZtID_FRQ,5
SOwXfqwUr6NWmbBS0tx_GA,4
0pMsVlUu_MbFqmvbA8F79Q,4
ByZcAtm7-QuSCplgXK9PtQ,2
7dtcBJH9qxtxx1PWnzT10A,4
wa8QgXQu1ZxwPgdRl9lYlg,5
ndQTAJzhhkrl1i5ToEGSZw,5
IrXlXhmSHlIllxZSAARjLA,2
3IVCHZaMILY5LZMi-tpCJw,5
HjXI6lKGPVNQ8dYJPtaOCg,5
j-SSlq3__BQr3H7lAyVvkw,5
JzOp695tclcNCNMuBl7oxA,5
7dtcBJH9qxtxx1PWnzT10A,5
gtAMKvGxEbdFgp0ZNBlDbQ,5
giLPHHPabZycyoNHoP35Sw,5
u57NiwOgUMb6CFg-meca-w,1
RN0PTeMSF_eaeXN6VV7RwA,4
XvTBQotmJpVPjPNaMM7qLA,5
eKcdE5WHnXBd6Rws-vicZQ,3
fZM_o3kKZ9mR-1pvBeow8A,4
qgAZPDQStZP_Y5XTiQ6UqA,4
iBihgoxc6Ot7m2D4D3z0QA,5
JzOp695tclcNCNMuBl7oxA,5
lI06p86a8stKoXSUPfjtsA,5
Cl5PHhHfOzimUTCWjC5yNA,2
aqMfCbFNeWn1a4Evds83fg,2
Jzth-y32SyvOhJNgbIPTqQ,5
QuybD_bJcAB2CHcpTfREYg,5
CmgNyXaBPsn6hLLtWPL_qg,2
wl0QZqAzr1DelslQ02JGCQ,1
UBQRhqRMW4Sk7kSZvZ1iAQ,1
Gw-ozqLSHoP3BQPKaiXJGg,2
AfN3Z1U6QPEgAb5F2CQm8w,4
HwjhWHbNp56t-dRiv3-wPA,5
LBAkHJJfCoDj9aa5sc0Mxw,4
WN5ON423ZCOy3_4F6XYikA,4
AfN3Z1U6QPEgAb5F2CQm8w,1
NRLsHNbEPpQfaAYS5OLGxg,5
DVhSFWIJKk4Vo8fjy_JfcQ,5
7QSFLU0AGAUqwnQWg3qHqQ,5
lamNK6ivdxNxlCnLu_uqBw,5
IDXSRYKyfVGNGzmlFwLNEQ,5
8PBq-MHyLDrhkaTf72Foww,4
aVkVDJ01OgvNwhlCUz_bng,4
HeoiKMh2aPzWRq5ZQtSb3g,5
IWOQNyRqWrnqQA5K49eK5g,5
-tcJmqzfaeEnpFMAelB7bA,5
dimv16yFu0JXR1n1SAqedQ,2
BbGs3XK0x9NEImer3LQD3w,1
JwWeolTHTWRDdbT0Zb6WLw,5
CaF9FC8GEBfDDbptPgkgBw,4
P69sEJwyoUqjBXiqjkKwDA,1
dnB7SD38_lwiC9E-BJxq-Q,5
9D7h2xfVJrGkkwXDsnfV_Q,1
eHvgW9qj-CsPjWmpckJeiw,5
-s_U95xEEmJu5GK-srqpUA,5
9tayZB1GjSTttFNKo_PMjQ,1
2GmGT-7QjowR1ihup3FbVA,5
ypJMOo1eNGreGMfP6FUcFA,5
GIhzzb9tjqLCYdNP_k3-dQ,5
qX116WMOppAblGKxoQwlYA,4
v8QuF4YX9Bb-qEtKLVPrmA,3
QbtJvTQfTFbPqBhjkI59BA,5
U8rHQ_Sg8A2m291Y7WEfIg,1
9mIm1ef-NVDQHFE39Faxxg,3
zJCbSgXWFWwvKiIRFFuiTA,3
NUhHkT1wfXsTLxt_tWwVXw,4
CX9f_vR0DFEGOpEwFt-jKw,2
HOmUXgWOl37CaLqmrsPwuw,3
QMaaLfedGzNhHz6PZKAUkw,3
-4g68Hwm892_KPUuW5g1_Q,5
q6igRYs2UTO-4nTwlttrAQ,5
_KjKBz_ouqfheB1Buw7yYg,5
QYIhMNwxXejDoCr-F1BxDg,5
SYKIUCvN9JdSkVampgccfA,4
Cwv0Mv70w8fNMd-ApwSnUQ,1
_cA8tCqZgTDQe9EPNmzp4w,5
3jllr8N45pz05Ygaw5ojrg,5
g9oCVqOhR4vg7yvtDaEIkA,4
utoTa3Ngv_oSfB5TIMgN_Q,2
GdPWJo3z4ySEXpF7Wkn3FA,5
Zt4ljpwfmBufatNM1zPNcQ,5
ZvtELJTUOh0yRrPxyyiakQ,5
Sg9R6OwNBq5Zf-kjiVBxuw,1
ZdGWAv90dY81kpKzMLMvvA,5
JzOp695tclcNCNMuBl7oxA,3
DEBqmgxv2yhJ93LqGpKltg,4
1wiv2BvvauMj8hS16UuEYw,4
GIhzzb9tjqLCYdNP_k3-dQ,5
WN3Y6tP5MT1ugE0dzCHQ8g,2
WfKMxqFMDmCj1fhtxDd7rA,5
ZrFqa9sUaF_X8wbNz29Qbw,4
Hr5h_LG9TMBLlFz_Oici0A,1
36cByhAPNsbUIuJ59oUVGA,5
J2WGpC43MJDKxPRAcWx-tA,1
9kjk05G50XWnmJQBz_wcnw,4
Mul_BVwcnhqmp2h_7QFepQ,5
NdRJzLnVLV4ia09F2rWK4A,5
vuHzLZ7nAeT-EiecOkS5Og,1
SWhHaWFuijy_KDs0zVCJog,4
qX116WMOppAblGKxoQwlYA,4
zDyv4CoaYvAgQhgr1IK1sg,3
Cl5PHhHfOzimUTCWjC5yNA,1
tgub8uhOq8qjVrkI5IabkQ,1
MbAsfN3wwV22K7GZsgcBqA,5
rBTlmcEEQka-7cdU6ByrYg,1
DFy8RPRTheb01pQYfeQ1NA,4
ad0LjmuXhUGBxTSkve5LZA,5
ZhjU0FkCIaG43F83TwSN8w,3
prh-RlduJU3z3ynA5lU3Wg,3
V1hH7vAq5wNDo2P3z8zJLg,2
h301hAHfIGqVYIlBzs5EgA,3
Ln_wIiEtyFCXogad7VTLfw,4
zS3-CKZVVvUYvasJnAg-aA,3
AZQKMMvX9m1-uTdLPMzK3g,3
JzOp695tclcNCNMuBl7oxA,3
iPyhXWQ2LVSgBlQA4vqKJw,2
SqL19z7A7LB91RkWWwWvnQ,4
PRbIMseOwPCCRv5C4SfTDQ,2
h-Oq86DZfZad9kKXe8m7Lg,4
IvbVnHO2Y5w4b61rJ5xHaQ,1
EVbEdWYLE9GDpVG97MGw-w,2
jN00dj1opLMyFczkCTptqQ,2
aiX_WP7NKPTdF9CfI-M-wg,5
SIVi2UQp1UT0lMIoqHP0QA,3
3KFWuiz8lla9SospgQn6Yg,5
1_v_fooGLY3FQkO5tH3m-A,3
ndQTAJzhhkrl1i5ToEGSZw,4
Jzth-y32SyvOhJNgbIPTqQ,5
5euk5_UKqnAWcrbOPNYt0g,5
HeoiKMh2aPzWRq5ZQtSb3g,3
ZvtELJTUOh0yRrPxyyiakQ,3
JR2ma-JU1CO_xVD_p5-RPw,3
Bjn-GQg6hoUOkew7tTPcLA,5
fTQra2F9uRDzgDWTaVe1yg,4
jlbP9Yd0AQP8OlcsFkZ4hQ,4
DPZBuTuL7w5MVxsCEyQudQ,3
ILZfAtetYvpp0r0Xs8SoHQ,4
5EIJCSrXLHvM2HEoKCejpw,3
JC6zXzCqnF2s42-Hiq0TRA,5
Md_TTNUkO7U47b3cass4gw,1
wl0QZqAzr1DelslQ02JGCQ,4
d3C5QTYpZCdp2pV1Cq5G_g,3
stPpU3S-OCLZOoxOwgJb4A,3
Hcyj_YtGz1zaxzQbBuu6mA,4
Jzth-y32SyvOhJNgbIPTqQ,4
Mul_BVwcnhqmp2h_7QFepQ,4
py474pAs_QPjv2766jLBLw,5
R1JAHtDMfprLAySXIIAURA,4
prh-RlduJU3z3ynA5lU3Wg,4
PhMfnMldVKXo7HqHw6DSrg,5
-8QlV3b_9H4BAh6LgMIr1g,4
LRnzpnNQWwpN3Bu24W53CA,5
QZJpXx1TbOXqzLx6u6xmaQ,2
Pj9DDbTmjBEKXezLb0qmTw,4
nChi_8Gygb6NUMa_kg_tlQ,2
EveFgxNoHkrs8ncSjkoINA,4
uKKNw68mZZaa1jcyszEbyA,5
EuPaczO6rMpDMrn-GtE_eA,4
kj1p6NwUGROOoqNySf0I1Q,2
neO0lOx9YE3r7SvVkmpS8w,4
ndQTAJzhhkrl1i5ToEGSZw,5
FwZi-ipVOLgq9tJkb3W5Yw,5
wiqTY54WlQVn6LqZASrUUw,1
wl0QZqAzr1DelslQ02JGCQ,5
UZ34XAw1GJ3chCOuKL69Mg,4
jBibtpiC9BlXulZdGevK_g,5
2q2gGuigGrCFmx3juLAVww,5
Xv3d5FLutLgrlNfcQ7gR-A,5
IodEvSRPqtsrGcDIcCADAw,1
hdgYnadxg0GANhWOJabr2g,1
c58gaNROUk3ltUQrpl6OJw,5
EUg6vHQRLHRw39bmompHcw,5
GBuB1uV9NRrtaLxZoVhi7w,5
aghhw3q1j3XI7QB892NqbA,5
GdPWJo3z4ySEXpF7Wkn3FA,5
3a9k2JOlNyOE3GKwwZwfng,5
Gw-ozqLSHoP3BQPKaiXJGg,2
OicSihRji2HmUlv7_4YEBg,5
OMxgLbrSCEU12265nz9JVA,5
POO5_d0RwzjJVhIpN-oulg,5
Yz7rfHjytl6Yn4_PiK2HsQ,5
x2NuIlQgvvl3Wtq8ipZC6Q,5
LJZrIlsx3DTP_y5vp0tKVg,5
mRbwm1Hkg6LjkcX_P3WWZA,5
QuybD_bJcAB2CHcpTfREYg,5
xn01T3wnHhpy7MF1kEFA6w,5
EfymQLarLpPhm2WX7uoVPg,5
GIhzzb9tjqLCYdNP_k3-dQ,4
jlbP9Yd0AQP8OlcsFkZ4hQ,4
R9XSSEzwkmwwwqB76K7s2A,1
6t7mlTVjDA9fhuFAZmVzAQ,5
CO8MpD1bSkBPArXKBKkIfA,4
jArpBM9wonbYrpiQ4Eac1g,1
h1MxTLZ1b2FkU6ituL1yHA,4
2GmGT-7QjowR1ihup3FbVA,4
SvNzj0dE6UMFfp55bIze_A,4
JRZS6COIpVkuXLf0VayFWA,5
ZtxMIWkILccFuGfx28Hx3w,5
5euk5_UKqnAWcrbOPNYt0g,5
VTLKqzjBLf9l7nGJJ0xewg,1
mKf7pIkOYpEhJTqjw4_Fxg,4
jiOREht1_iH8BPDBe9kerw,5
xpd4W43hUtoBYc6dzo-xBQ,5
sNBaDJM4Khm1BbrBRyrMVQ,3
0TBTV3q6QXCn9vNhy3Xi2w,5
Q3G58vv1ClvH4re9QBsVgQ,4
OicSihRji2HmUlv7_4YEBg,4
oVAySgyWYzzmvJpTJ8PO5Q,4
UBQRhqRMW4Sk7kSZvZ1iAQ,2
6C_8Mh4lmLc_QEs3hHleBg,4
Rj3wnYT1QAxpJlRT5mMc-g,4
_YfwjvhsqDPLow4775ZFEg,2
AfN3Z1U6QPEgAb5F2CQm8w,4
CXZTRts90FaJX3D81DQrzA,4
8F-CalsRSKiPjjsx8ql8Lg,3
oLod-GlOLEH4KAvyddKuQQ,3
SGWbqpbGjNjJ51FHLBTlWw,5
sKWZ_tAOVMZoC4Qk8_Bd4A,4
oaOT2G5mIE8yOPZ55RM4cA,3
E_eIph8IT10Uo06ZdWwoUw,3
R-Me-p4Rbb0q-2pjSzyDbw,2
XWiL_1CtBWmd1unCiWj_XQ,5
VGOpZ15XmabMYuxW1J8zqQ,4
IRnQNbsjgVjW28YYiZcJJA,2
QS2kvdgJ-X2cUJrxBWgT7g,4
uLL2uKqYnPAFwBw11LzDUQ,3
YMZy_nGxtJtuQvflM6Ltww,3
VO-p1uczeMbzH8bEAv-RgA,3
Jc2X0JqdBupkOzTPZtbcWA,4
eeDcY3TD89COiaZl7dP34Q,4
pP71Ir_U2uKU10f4vwA7tA,4
l7FP9rg6iyDnjFOnifv7BA,4
3jy3CXO6gVEat4uB-E2msA,4
BLISNIoF179UUfCBTxNUOA,4
oVAySgyWYzzmvJpTJ8PO5Q,3
ZdGWAv90dY81kpKzMLMvvA,4
hmYnzs8-aHbltaOOGDgmbA,1
sKWZ_tAOVMZoC4Qk8_Bd4A,4
U6P56MjLrraN0JBNvOjxaA,3
6C_8Mh4lmLc_QEs3hHleBg,3
YMZy_nGxtJtuQvflM6Ltww,3
NxjUiGBNgyDErKXnmQ3s3w,4
pHpU8lnnxMuPWRHOysuMIQ,3
zUgDrRtGvK5ZTFlHCsTHwA,4
BTf8sELl1TjovRc0f-tgJg,3
qlCmHxsQ_9jsV88Fg8gWag,5
Zw9wEAk9L6oTZi63f4zVvA,4
W9NUdpRX7gLXHLM2-NeKeA,1
Z3GVMJuFuGhf3rweIayJ9w,3
zUgDrRtGvK5ZTFlHCsTHwA,5
NxjUiGBNgyDErKXnmQ3s3w,5
V1hH7vAq5wNDo2P3z8zJLg,5
Jzth-y32SyvOhJNgbIPTqQ,4
1hkksm102yQY1DyfTPSzmA,4
BTf8sELl1TjovRc0f-tgJg,4
w57TpTKCHN47Cgtajm7_KA,5
zaOer9HLHFkWUd2_Fi3rrQ,4
0pMsVlUu_MbFqmvbA8F79Q,4
hVC6E29dg5Rx4ADSxt3kTA,2
ZhjU0FkCIaG43F83TwSN8w,4
Mul_BVwcnhqmp2h_7QFepQ,5
3ky17eHU-4gSl3knpI__-w,3
lDUMAAO00YSmMO6h_9YLCg,3
4Iak803d4fyY358jSMRasg,4
U6P56MjLrraN0JBNvOjxaA,4
Wnq5to0-jXyh0-_jRZ6VOQ,4
HjXI6lKGPVNQ8dYJPtaOCg,4
TgmATA24L3CTDn98c24RAQ,2
E2n2pVPq9oaPof6VYeFiwA,2
RbFLWFg6TQpq0kKhAr6B7Q,2
mKf7pIkOYpEhJTqjw4_Fxg,4
WPUf-Eo6PHxDNqPygahiUA,5
G7Ull-QUaNXyPwtEErHZ8g,3
fquV3OV8sR27kifYolHn_w,4
SurnOSM2bVVN4-Js3G23RQ,5
H94fBucKEuNKsjbSy7WODg,4
YGaowC1J4GfkQYyYLYWnQQ,3
fDDL7yxkCs1qniw0PzVT1Q,4
fZM_o3kKZ9mR-1pvBeow8A,3
wl0QZqAzr1DelslQ02JGCQ,5
9mIm1ef-NVDQHFE39Faxxg,3
5EIJCSrXLHvM2HEoKCejpw,3
OoYwJANV9zD-_OA4Atu-gg,2
IB94L7whVPjcFLoCxhNfhw,3
TRVxECjXtoqqsM7PYUKmIA,4
DPZBuTuL7w5MVxsCEyQudQ,4
EHgGscaiJBghjZVT9hsBFw,2
E9quMjGRkDgRYh6SVTaHOw,2
Z2L0j0MZ9m0IwaWmcvnxGQ,2
2Ne7F6TMuUdRUGhyjj7abg,3
zUgDrRtGvK5ZTFlHCsTHwA,5
g5l4vrFN03ob_zDDztDDjA,1
y45zdBlXT0Mr0gEfYOzXlw,5
nhOCUUgFa1izAiWVKAxhCQ,5
5idlmsT1O86_ywGJtqot5w,1
-8QlV3b_9H4BAh6LgMIr1g,4
puQ2WGO0L2KvKqNQCJYZRw,5
0xfVubbU3z8O2NcuEYSQNg,5
szhHLNACFt74BtdSY3mDeg,5
rf7Y2pBQOgQtf2UsJjQSug,4
dqUihMM3SFPJ9GE-3bAlpQ,5
vJvEKFtQ8Am95tWEkiwOGA,5
0TBTV3q6QXCn9vNhy3Xi2w,4
ELUUibdDcrZHyvE-e-QsVw,4
zT45hBptOygpgCddHZRsjA,5
T1tvWywCdTv8YiK-r_roLw,5
tWiFat101ID5w_wgAPMXhA,5
0TBTV3q6QXCn9vNhy3Xi2w,5
sNBaDJM4Khm1BbrBRyrMVQ,4
IRpZS7EmmBeSM7oBnDd5iw,5
qUMPCi_h3mkrmCBUhXP4qw,4
GIhzzb9tjqLCYdNP_k3-dQ,5
pP71Ir_U2uKU10f4vwA7tA,5
tsSJtuCbAGIYo01rUoygtw,5
AfN3Z1U6QPEgAb5F2CQm8w,5
-IZvuqxekWEvJqDw308daQ,1
PRbIMseOwPCCRv5C4SfTDQ,1
IK1XaujWC-znIGaVE0tbBA,1
wopyolJM2hOAt3dPRmahNA,2
gONNfEoNaRLNtgaAcxwsLQ,4
tWiFat101ID5w_wgAPMXhA,5
2VdCHCPFzow7zcBSaPMbKA,4
6gFcUhaYdinTbIhO2pcvdg,1
TT4XW2WMG0PNyUIFBIINuA,5
tPaweigPsXacvQT8daYT4g,5
bEEIrHfXCiqCix6zG5IRqA,5
UBj-25LU5dxJ9meb-TPc9w,5
GIhzzb9tjqLCYdNP_k3-dQ,4
LRnzpnNQWwpN3Bu24W53CA,5
fQclKmk5G2_g98cDNPvj0g,1
BTCyGInJYzRTQVBhZvC9qw,1
fgpqBO-7oF49LzIuNDT5_g,5
VtmNIqIxPNiOcp9J5e4xqw,2
RN0PTeMSF_eaeXN6VV7RwA,3
CRVtzesMuwHK-phmS_ojaA,4
HjXI6lKGPVNQ8dYJPtaOCg,5
hRL_qCrcu9UL773su0QabQ,3
4K5NUsinIgtq-yuxdp2HdA,5
4fbH3Yr1D5r5-QD-HReDlg,5
B5Ik1CENjyUnmb3hGotsuA,5
v8QuF4YX9Bb-qEtKLVPrmA,1
kXs6bmFzB6s_BBVkx_2VEA,5
5J1SoLkAM2zAOKqrRB7rCQ,5
wa8QgXQu1ZxwPgdRl9lYlg,5
fTQra2F9uRDzgDWTaVe1yg,4
QuybD_bJcAB2CHcpTfREYg,5
XvTBQotmJpVPjPNaMM7qLA,4
ZHQU79PMUGCX0fEoyCcWlw,4
vhIJ91MDgUuk4Cr9Kpj1Nw,1
utR8Ei5_c2CRAIffpYtdZQ,5
fSJFRzOF92gBuJ2ePitCEQ,4
OD09pm-MzynigAvD5KoGPA,4
366FaRQ1MWEHBhaEKTcriQ,5
nDR44qJoC2NZwhy0RcIS_w,5
xMJc28b9WxFZVedLzrNhvQ,5
Y8tLwAVO1thFRjVgt0TZ0A,1
366FaRQ1MWEHBhaEKTcriQ,5
-8QlV3b_9H4BAh6LgMIr1g,5
Ec8fKdO0oxZNOCeG2ThwpQ,5
hw_KHdAfqpj2_rtomBlmxg,1
-tcJmqzfaeEnpFMAelB7bA,3
X167A2IScyfPY8B8UBb34g,5
bkapAjFTCxa8gEV51cI6ng,5
LWvrTFkCSLPGldJqccGHhQ,5
ZDoqO7cSDoWGNi-8OV2-Ew,1
Yz7rfHjytl6Yn4_PiK2HsQ,5
dEi4_bO8ydNHgcRNKV8q6g,5
fDDL7yxkCs1qniw0PzVT1Q,5
C2XhRIxtylJO1XfC54f6oQ,4
HjXI6lKGPVNQ8dYJPtaOCg,2
wl0QZqAzr1DelslQ02JGCQ,5
OoYwJANV9zD-_OA4Atu-gg,1
1wiv2BvvauMj8hS16UuEYw,1
scKBZXRbjbUOUX2prVrWVQ,4
vXE5FtU4RXUemkjXYjUXWA,5
R9osrGLOriBmKbYwXpWvdQ,5
HFyMS_9yLaYN7GIcXzcboA,1
1UweGrt6mgiTCfsmLMiUxg,3
_TfOkj6pt11O3ZwCv27MvQ,5
AfN3Z1U6QPEgAb5F2CQm8w,5
yVLbAdSQQURBNWsJIxzmfw,2
wkqoo1p4XrEJv_VzNQiZAA,5
tWiFat101ID5w_wgAPMXhA,5
kj1p6NwUGROOoqNySf0I1Q,5
Yoc9_4sv6AT1AIohPPiGbA,3
yet0Pww_ouW49T7V41ecSw,3
pApEPv1-ApXee4GYYMB5AQ,5
x_SK4kvfWdCDDBmA_ErxqA,5
hAioxEk3WU-SzlqIM4TI7w,3
EuPaczO6rMpDMrn-GtE_eA,5
wl0QZqAzr1DelslQ02JGCQ,4
W9NUdpRX7gLXHLM2-NeKeA,3
WBxR9IC6E9-4szNzq7_Y3Q,5
hRL_qCrcu9UL773su0QabQ,3
JR2ma-JU1CO_xVD_p5-RPw,3
068SDTbi41-7CkR-r2guiA,1
azjE04y7QcqmpnJH2ldDZQ,1
LIIBIP8HedzuM3Ym5Pcvyg,5
Zrn5WtnkH2QXfHKd5Loomw,1
_UfEWbhEphABjkDHCbqe4w,5
SOwXfqwUr6NWmbBS0tx_GA,5
vBV5IbpTgUKuu2HlneE2NA,5
366FaRQ1MWEHBhaEKTcriQ,5
AJ8DDFm6QaihAPZI3wFBHw,2
7ktiaN-J40HFwznCMpOjDw,5
Ly_z24Lvt5592TDSMQ0KHQ,5
DEF5yv_BfLzmzPKwySb23w,4
bRaszmMXirJWLdK2N0q3UA,5
HJLiVxuvtN0n73BASSZKoQ,5
5ypkaiDcybqchiuviIes3g,2
Wg8MoazR1yW9xbAr2jR8Nw,5
5SJIUeayoebPjCaSasfWZA,5
hRL_qCrcu9UL773su0QabQ,3
SurnOSM2bVVN4-Js3G23RQ,5
WWqdy9PKOSyhLgHIGaNFrA,2
Se9dkAqNfBoOoAbKT0LEsg,1
Tp5bR1WX1C8g74rYRR_AIQ,5
9SFLWjb1wmEPJED6EDYUkA,1
XUwYk6EAIdh3pNPgWsdiEA,2
zT45hBptOygpgCddHZRsjA,5
rxb_aoT1B0pHvzcV685QFA,5
6W20fKnjqPTSU2irnSVmSQ,4
sZf_KrF9ZLC7z4jiLGgVOw,4
uKKNw68mZZaa1jcyszEbyA,5
YBH3_70G7a7O80FR5d6ZTQ,5
2oZnvLm6SEYDv_lBvFW1Zg,5
GUVfoORQiLODnXGVIEn7yg,5
sArY4vj_AtHLZoKHscD4ew,5
GqHbCfeLISeke9boLt7zyw,5
JclZSwGl5SEvwPd-4RszPQ,5
vhIJ91MDgUuk4Cr9Kpj1Nw,1
EPl7JxQTLmXbk9GdWeXgVA,5
8l9IhlS1FY0zdh091UC3Kw,5
XpnkPS-56dYTdjwC8RRLuw,2
vK1_qKEG7zHvjiTOsN0CRg,4
x9p1WdRz7FSRy0Q38PiGlA,2
hH36Av7cncv499KS3kjcXg,5
eUw1rm2UBbpMQ3Vi5okzPg,1
qPc_J2M56_hBHvqpncNVfQ,5
Oh66jkE6zCIIBDSEBwz0Cw,5
UY13CTgUqriT-fMxT2APLw,4
ZXcKHmf-QxjYq2zVqN5UYg,5
-s_U95xEEmJu5GK-srqpUA,5
4uZkUUbl6dr_bjmS2QNnbA,5
pApEPv1-ApXee4GYYMB5AQ,5
-8QlV3b_9H4BAh6LgMIr1g,5
-tcJmqzfaeEnpFMAelB7bA,4
zsq3pzBUTf8QZAChHN2urQ,5
YYF4OrDT4GYQ9zLxmXdYKw,5
hI6xuH392R9zfTeQe3cO3Q,5
l8X3I6h4EdDR-Fv_KV8joA,5
6t7mlTVjDA9fhuFAZmVzAQ,4
l9B72QwKjUhEA-pLumCa5w,4
qOd7QUh-sIB7zN7RbP1-qw,4
9opBpj_d1TCv_J41dAUhBw,4
Wdz6G6q7WeTaJ8m-YtsSdg,1
2GmGT-7QjowR1ihup3FbVA,5
H94fBucKEuNKsjbSy7WODg,5
n2unS6CwXs2WeGbT7Cyv9w,5
0pMsVlUu_MbFqmvbA8F79Q,5
4DtjA7EoxUSyWiXEuElPVA,4
WWqdy9PKOSyhLgHIGaNFrA,1
hIgGkG1JnHX4xmVuOgegDw,4
N1kWsUy-JO9YnYeHNDc-cw,5
V_2-bxKWfVkOrO9ym7rMjg,5
5SJIUeayoebPjCaSasfWZA,5
AbnpKkW0mpv34jtRps4C0A,5
wl0QZqAzr1DelslQ02JGCQ,4
O3PiNOj1vv5dCCywdw3_og,1
jqgdPl6C5TMic5001TCY3Q,5
UY13CTgUqriT-fMxT2APLw,5
SWhHaWFuijy_KDs0zVCJog,3
3genf54wZ38pMyax6TRevQ,5
DaVnpKqjOaYNHQ1UYOpqow,5
XXvZBIHoJBU5d6-a-oyMWQ,5
hmYnzs8-aHbltaOOGDgmbA,2
e4h-sBBD70pn1RuAv_Q61w,4
ZARxy5Orzk9Ocay0IkU_-Q,4
eVUmrTEqZeTKLdCS0Xf5tQ,3
AT11KKh8xkmz2sRLZpzIxw,5
ioY-a1TntpsAGJAG5_1Zyw,2
v_FSmMbFHbsJS8G-fqx6Sg,5
uO81UPtXJK9L0s1rOkwMjQ,1
KXGkJy-s9W1re2sXqSqoiA,1
SurnOSM2bVVN4-Js3G23RQ,1
0FgFNbsWQs2kYuYaWHSIYw,5
AfN3Z1U6QPEgAb5F2CQm8w,3
IWOQNyRqWrnqQA5K49eK5g,5
aqMfCbFNeWn1a4Evds83fg,4
FN6tpn3KMTsrcGpDZzVezA,1
XGMpMJ94OyHmAYRVMdEnGQ,5
wjZMgmD-zljbJz8rBHzLqw,5
f-7sTbx8u7c9t1-r_Fdoow,5
ugLQ5AP7pSrCb0uMhS-UXg,2
fXqlzAM6PTXUGrU4y33LzQ,5
1uCoWygbmehTJP8Su_3QVA,1
J5daYIrc-WnihJ5H9lyJmQ,5
PQTtKaBK_WdvLm-zp4fQ1g,5
O_cvS8uAocco3R3Pg9np-g,5
Zt4ljpwfmBufatNM1zPNcQ,5
n1AWiP49A5ROroNnbtm0ow,4
DKusRJUxgsye1cdrlGgQOg,5
Nh5gWjOzKQOb8kSq48uaoA,5
ILZfAtetYvpp0r0Xs8SoHQ,3
UJb1PrUWDFfuzwUPc1pP4Q,4
SurnOSM2bVVN4-Js3G23RQ,3
lWjA_Cv3H-yD8akIXLpt8A,2
ndQTAJzhhkrl1i5ToEGSZw,5
jns_WfCyWfMSQOOxEfo5_g,5
mQiBgd-9GzQUTmqzfKdPfg,5
GIhzzb9tjqLCYdNP_k3-dQ,5
lamNK6ivdxNxlCnLu_uqBw,5
aVkVDJ01OgvNwhlCUz_bng,2
tL9003ETHUAcHF-eaDQd1Q,1
iBihgoxc6Ot7m2D4D3z0QA,3
4xkjmpgUNJdwQo8FKIYp6Q,3
XvTBQotmJpVPjPNaMM7qLA,5
hq17ShjPKHnGn5DGnHrsXw,4
XXQEEaYFhW_RAMd3WzGmjw,1
2rLuOMi6Q6zzqUU8ltreSA,5
LIIBIP8HedzuM3Ym5Pcvyg,5
AfN3Z1U6QPEgAb5F2CQm8w,5
D6RDpCS1lfgZdPuLHlpsHA,1
aoRj9T9roxt7K_Pgqvln3A,5
qBvBYX-9HMbZvMB8x5JSzw,5
w4CqCGPubjKRpNsBsW7W9g,4
nW4UcZHFbmKgTTkmN1vx5A,5
PRbIMseOwPCCRv5C4SfTDQ,5
AfN3Z1U6QPEgAb5F2CQm8w,4
W9NUdpRX7gLXHLM2-NeKeA,3
oGlIOWdOcAkq4_8IShjQgA,5
429gUSGErbzig8xgf_LB4w,5
LjTK9yifZBHgj2HZn8Znww,1
zmpH9eQnahsW702YPVUzpQ,5
oFseXpQzaAE3_Fco0fsMDQ,1
U2W22Vy1oSs4G7W-2vdQ4w,4
-8QlV3b_9H4BAh6LgMIr1g,5
K3A2k19HhFwh00u7jAvIsQ,1
XvTBQotmJpVPjPNaMM7qLA,5
jk5q1HemVf7ryFObf1pDmw,1
uKKNw68mZZaa1jcyszEbyA,5
FQlaetp-MdewsWwt6iby8Q,5
qOd7QUh-sIB7zN7RbP1-qw,5
vK1_qKEG7zHvjiTOsN0CRg,5
iRCgRxw33qEg4GlKcFpKvQ,1
3KFWuiz8lla9SospgQn6Yg,5
oSxApRzEpA9lvue52ZSecQ,5
riM-pBsdqRRVXtAVbLfsxQ,4
p_xIP8gXFhAVCjftc3l9dA,5
kC724vu3KdP_6QqiqbNAog,5
i631pRlq0u29VvaMshW67A,2
Ti_ic3yDOlc_jeyBvf_MOg,5
t61eGISz7qMOxEe7o3vwEw,4
SnpFUqKG6ZjurXYq5wZU_g,5
-s_U95xEEmJu5GK-srqpUA,1
IUTU_8qM7M8j9A1TbmMjYA,3
SqL19z7A7LB91RkWWwWvnQ,5
wl0QZqAzr1DelslQ02JGCQ,5
krkgXOMQ4rUCkFn43gvnSg,5
ZMp18tQQTjloj0pKSdENBw,4
na8sI8XoJSmPhiQ3MXsHSQ,4
ugLQ5AP7pSrCb0uMhS-UXg,5
6t7mlTVjDA9fhuFAZmVzAQ,5
NxjUiGBNgyDErKXnmQ3s3w,5
NN5WoxeBHCwyfeopeS9hJw,5
VGBSw_36OQLh1b9SwUyW1g,1
yet0Pww_ouW49T7V41ecSw,5
lOW5kH6nHVOYfmoAfpWvHw,2
aiX_WP7NKPTdF9CfI-M-wg,5
Dz5NDfPpXcID1qJbEfre4g,5
_uMRu3765QYo0Qg1z1LKqw,5
4jm-et6RMcjOkmrC_IcuCg,3
H94fBucKEuNKsjbSy7WODg,3
3JnO3AEqRD8DbXkWP-gTFw,1
Ssk38csnsCmFpdewUxxVZQ,5
a_F_cD6n4UXT-jIo7kqAlg,1
7jhZtZjKc-uKOWsC8z7r3Q,5
fckUjXz1GKpafT4x7-MVJA,1
614VPl1kNHVG3Cc98w585Q,5
5FIOXmUE3qMviX9GafGH-Q,5
pVm4vDDX6lhQKROqOox15g,4
tamr4J75GguGhF1hm1wEaA,1
5EIJCSrXLHvM2HEoKCejpw,2
E_eIph8IT10Uo06ZdWwoUw,3
euhSHOJzcYrff3B6F-okkw,5
TT4XW2WMG0PNyUIFBIINuA,2
GIhzzb9tjqLCYdNP_k3-dQ,4
BTf8sELl1TjovRc0f-tgJg,3
Mul_BVwcnhqmp2h_7QFepQ,5
RbFLWFg6TQpq0kKhAr6B7Q,1
PRbIMseOwPCCRv5C4SfTDQ,2
DTvcpHf2gGKgSujUVXA7sA,3
VfX7rhtX03yNg56ISz8gVQ,2
Q3G58vv1ClvH4re9QBsVgQ,4
Jc2X0JqdBupkOzTPZtbcWA,4
jiOREht1_iH8BPDBe9kerw,5
XvTBQotmJpVPjPNaMM7qLA,3
o56LV-WnalGB0URVvoOh4A,4
zT45hBptOygpgCddHZRsjA,5
KMYLwjpx6cjanynnc4mJvw,2
8MLkBZY6whYC0rpGIfmqbg,2
L9qDnDHSnINNjePwrJz-uQ,3
IM5dPxctFkpQDkwYyHQx6Q,4
jk5q1HemVf7ryFObf1pDmw,4
_5BaYz2A3l2SJvA9Hv6POQ,4
DV9hrCAKTx9D932ZOd8t8Q,3
3jllr8N45pz05Ygaw5ojrg,4
KKRG0UUeGwaYxzi6Hg86TA,5
LxNoSrtJYB7HvP5I-8p-Ow,3
DVaTciFGcCXLHTufHZM4_A,4
sArY4vj_AtHLZoKHscD4ew,3
W4LRU508M_TRjShk8lqVyw,4
8F-CalsRSKiPjjsx8ql8Lg,4
r8hVqm9DeasZ0Bf2KMhbeg,3
dEq4Yj50tWOSzxqXloahsw,4
ogWjp5Ys4fQoDUOU9r7kAA,4
ZUz_qc4z8bTOGUoa644eQQ,3
jlbP9Yd0AQP8OlcsFkZ4hQ,4
YYZGRUCevWS41VZFxp4rrA,4
VcDKXH8PsnrccsotD60e9g,3
awPIH7K4WA5BKJfiQlZcow,3
T-0707ku9Ovt-Y8fLA2TrA,4
jbwyl98wXrEKDkgFz2PiwQ,4
n43SvzsYHO_4UTC_QwrZKA,4
uO81UPtXJK9L0s1rOkwMjQ,4
AbnpKkW0mpv34jtRps4C0A,5
Mul_BVwcnhqmp2h_7QFepQ,3
ckbxCijGN-zUK_QmCPoGcQ,4
2ktKjN5z8EcqmUv6EDiDgA,4
riM-pBsdqRRVXtAVbLfsxQ,4
ZhjU0FkCIaG43F83TwSN8w,3
_9SDJqTh8z0t3WZmVvbnYA,3
4fbH3Yr1D5r5-QD-HReDlg,5
V7DO6iLsHZnR7qS-FZMj6w,4
YZGAUc8CaWWc6ICSfeecoA,4
iikAHVLZrZn7Zy1aEPD25A,3
AtSEe-B2mFmLFHBf4PLTrw,4
Es9EveyTloWGdgV0XFzDNQ,5
-cBQKodqi77Q0vk-9iDvQA,3
tWiFat101ID5w_wgAPMXhA,4
K3A2k19HhFwh00u7jAvIsQ,5
0jyyijQ1EsVMMHB2x_GJyA,5
Ffzhzidm9OesdEzR-MLuwg,4
OAWBoum2byFC-GfARO2bfQ,3
krAgdtJ-2CcNGpuwKCbt9A,4
ZvtELJTUOh0yRrPxyyiakQ,5
VJz2DcvX47i-wqlQ0mQEzQ,3
lx_HJMFpKEZW-e9_-LyuQg,4
3wGsvZj5-_YtM-4D4JndDQ,4
YmOWkved7K8q3eXgf4NNnA,5
fE9SP84G6TZrv36FLbCy7w,4
QuybD_bJcAB2CHcpTfREYg,5
bZ3-_GQZkHv5YI_zzqLNWA,5
fBxDUu5ftmNHbbX5qD_FcA,3
ILZfAtetYvpp0r0Xs8SoHQ,1
momjERcb6G6ienrfPuNArw,4
AUhevEi21Aqu-ISgaTcv6g,4
tklfNgU6O12PyN6Ss8r8nQ,5
fKRKE4XQzOCgddSSQAESTQ,5
fE9SP84G6TZrv36FLbCy7w,5
pwIRcdI4fqIryZ5UEobzDA,5
LRnzpnNQWwpN3Bu24W53CA,5
WCE7YEBV_jOk-KaIEndrGg,4
aLMPefURoeWLDThyik_f6w,1
3IVCHZaMILY5LZMi-tpCJw,5
0k_Ax1rXz2lq6p2OThlOUQ,5
xhBEkI7MfrW1RZxfDAI7SQ,1
4K5NUsinIgtq-yuxdp2HdA,4
HutsUcVbARYK_ye7lGtKhg,1
JYQlHeAyVLmxdQfxDD4kFA,5
JBZzE2ZJe7l0iEwQLjCJzw,5
vGRgynaquP7CNZIxNYmYrw,5
NXU5CcXh2y0Ns5OJQ2wkgg,1
tL9003ETHUAcHF-eaDQd1Q,5
I3SNxHwSCuIrUMzCZJy0bQ,5
K3A2k19HhFwh00u7jAvIsQ,5
8B1TIuaqhaZ7QMEhDUu-Gg,5
CoHa0hNT2hsL8RrbocYJdw,5
Wrd9LAbc8IOoAS5H6uw9sw,5
D3ehpx1uKG5aLuaJgztYDg,5
-KsER702IEQF7QOXANuAIg,5
2lYMhZL2oHUpOQ2KjR5aJQ,1
SnpFUqKG6ZjurXYq5wZU_g,5
uHL42yafZRYWHfQ2uaS2uQ,1
ocLr5R3t3jk5fu2ITqOnLw,5
JKEIo6UuQBoshtaBgk6FxQ,2
1C0dvufJgfKrDFfdsxai4g,1
4fbH3Yr1D5r5-QD-HReDlg,3
ACb637NG7EnswRs8U_BX_w,1
5EIJCSrXLHvM2HEoKCejpw,4
gVEJPnEuy3wf0EA5OJEXGw,5
UBQRhqRMW4Sk7kSZvZ1iAQ,4
3vta1BSPwdSulcCFMpBjDw,4
RN0PTeMSF_eaeXN6VV7RwA,1
sahppzQJ0HtvMC7L8ILTVg,5
pdr6U7qSa9jIivVy_glF-w,1
pApEPv1-ApXee4GYYMB5AQ,5
Mul_BVwcnhqmp2h_7QFepQ,4
OicSihRji2HmUlv7_4YEBg,5
UUEipaG_KEtLc9YqgZxY7Q,3
-8QlV3b_9H4BAh6LgMIr1g,5
vK1_qKEG7zHvjiTOsN0CRg,5
3wGsvZj5-_YtM-4D4JndDQ,5
QYIhMNwxXejDoCr-F1BxDg,4
JzOp695tclcNCNMuBl7oxA,2
TRVxECjXtoqqsM7PYUKmIA,1
JzOp695tclcNCNMuBl7oxA,3
tduDcM1hWHPeyQ9SRPTQmQ,1
p4KtWurOF5MgWipav08Jpg,5
QNraL-gIxGAeXY2bNqTDdQ,5
jhnyhUR9so9OMc0ngrQIZw,5
BAPEDmIhR7V-LNNvWpJcHw,5
U6P56MjLrraN0JBNvOjxaA,4
nW4UcZHFbmKgTTkmN1vx5A,5
momjERcb6G6ienrfPuNArw,2
5FIOXmUE3qMviX9GafGH-Q,5
drbFGv7CoLDH2OheDUwUQA,1
Jzth-y32SyvOhJNgbIPTqQ,4
Xwf022IffmZPq6V25iomDg,5
WfXBS8eJP4GGXVTCIIbnkQ,1
GdPWJo3z4ySEXpF7Wkn3FA,5
ACb637NG7EnswRs8U_BX_w,1
Mul_BVwcnhqmp2h_7QFepQ,4
JzOp695tclcNCNMuBl7oxA,5
wl0QZqAzr1DelslQ02JGCQ,4
1wiv2BvvauMj8hS16UuEYw,5
OoKNxTMu5YAaNgQKQ4SrzA,5
AfN3Z1U6QPEgAb5F2CQm8w,3
MnacJ69mthATr8bwImvdTQ,5
QYIhMNwxXejDoCr-F1BxDg,5
KfxPrJ5PzgFRm2XltnbBLQ,1
sNBaDJM4Khm1BbrBRyrMVQ,5
qw4tcaoZqWSl-jSoCRZzOw,4
FtLibezRe7HsT13BLpR-Dg,4
TT4XW2WMG0PNyUIFBIINuA,2
Rj3wnYT1QAxpJlRT5mMc-g,3
8F-CalsRSKiPjjsx8ql8Lg,3
pdr6U7qSa9jIivVy_glF-w,4
-krioyG0QCtBH81hU56Ghw,1
NEfnmr0PfdRlVFmo2GRSgQ,4
21fK0m8sQFbRQv3RlskE2w,4
xxo0GsAFxQzUGStmCG6jWw,4
Nm-45TlwfszqbJtaIalbtw,3
9XSF1vFyteVhj9sbD2DEAg,5
riM-pBsdqRRVXtAVbLfsxQ,2
U6P56MjLrraN0JBNvOjxaA,4
3NB6yq9cCJbaWYP_u7C_SQ,1
SqL19z7A7LB91RkWWwWvnQ,4
TgmATA24L3CTDn98c24RAQ,2
upaurO0GyyWqb2o8IKNeNw,1
K3A2k19HhFwh00u7jAvIsQ,1
Rj3wnYT1QAxpJlRT5mMc-g,2
0TBTV3q6QXCn9vNhy3Xi2w,1
NUhHkT1wfXsTLxt_tWwVXw,3
Jzth-y32SyvOhJNgbIPTqQ,4
l9B72QwKjUhEA-pLumCa5w,2
-s_U95xEEmJu5GK-srqpUA,2
U2W22Vy1oSs4G7W-2vdQ4w,1
UZ34XAw1GJ3chCOuKL69Mg,5
_9W8i0ZLcz8oCsjQIc3_Ww,3
QYIhMNwxXejDoCr-F1BxDg,4
t53w4JlkxTau-G-TzhSWog,4
t61eGISz7qMOxEe7o3vwEw,4
gDOuHjntsN37XEjROoQ2Aw,5
366FaRQ1MWEHBhaEKTcriQ,4
lm9gDpvhJcZ-m2Y0feYtkA,1
g9oCVqOhR4vg7yvtDaEIkA,4
Hr5h_LG9TMBLlFz_Oici0A,4
NXU5CcXh2y0Ns5OJQ2wkgg,5
93kdIq8Ao3KJgXWiuD4ZIw,4
5GoBfhIyEN-BMzVjO5QLeA,4
XvTBQotmJpVPjPNaMM7qLA,5
JhEtJbGjAqKDHCZ11i3qoQ,5
h-Oq86DZfZad9kKXe8m7Lg,5
vU8-ATy2-MASm-bQXdhRaw,4
6XoPAnDoqujoY6FHYc6lPA,5
03Nlnwr1h-0CH4Ak_CQGyw,4
EhFpswgt9ifFzGOGE3Cpcg,5
3KFWuiz8lla9SospgQn6Yg,5
v8QuF4YX9Bb-qEtKLVPrmA,4
LEYZb8jiD36RQTElxy0YrQ,4
zUgDrRtGvK5ZTFlHCsTHwA,4
j-SSlq3__BQr3H7lAyVvkw,5
TxaUpMtBLqXBe8wIJ4x6oQ,5
YmOWkved7K8q3eXgf4NNnA,5
8F-CalsRSKiPjjsx8ql8Lg,4
gp9ZESRRNLqWfgJtEzPThA,3
Z890syqhhoShqFnIyIu9EA,4
eDw3UUcM_T20WrsKldracw,4
4epAjbpoXbERNSileO0Vlg,4
DPZBuTuL7w5MVxsCEyQudQ,4
ZUyWD8Rs_JY_yzw-t6VTBg,4
riM-pBsdqRRVXtAVbLfsxQ,5
22so15K1aqikL9FHt37CSQ,4
dSEcQPPUlATxZf5pvN_t5Q,4
AZQKMMvX9m1-uTdLPMzK3g,2
4fbH3Yr1D5r5-QD-HReDlg,4
wl0QZqAzr1DelslQ02JGCQ,5
JwyH48vqADWY6HieOMDxgQ,4
2GmGT-7QjowR1ihup3FbVA,5
CRVtzesMuwHK-phmS_ojaA,5
qgAZPDQStZP_Y5XTiQ6UqA,5
IodEvSRPqtsrGcDIcCADAw,1
ggZ5fXzWm_oKFMAHY4yAgA,5
-8QlV3b_9H4BAh6LgMIr1g,5
pHpU8lnnxMuPWRHOysuMIQ,4
bFfWZ4TEyejefj4yk41M5Q,5
OoYwJANV9zD-_OA4Atu-gg,4
SwjDIOUA3zFpHptkLe3KCQ,5
-8QlV3b_9H4BAh6LgMIr1g,5
n_xqf8Es-k2XBOneXfYGRg,5
eN8mkjt_q686hGKi-A9ceg,5
yeTKcKUlTq-W7EJ5hPkqbw,2
MAKG_gI_r0nlDvh8ciYrhQ,5
Jzth-y32SyvOhJNgbIPTqQ,5
PQTtKaBK_WdvLm-zp4fQ1g,5
I-VD-o4JDGSG5GHQ2EbrVA,2
momjERcb6G6ienrfPuNArw,5
4yIOZXIYJiQlkqW_MUtVgQ,5
tXUYqvRnA1m1nLxXT3Yv-g,1
TT4XW2WMG0PNyUIFBIINuA,3
ZMp18tQQTjloj0pKSdENBw,3
_XptUzewghAxa0_4R7br-Q,1
YmOWkved7K8q3eXgf4NNnA,4
Y_3wdqZUoi8qyW7ZugIQNw,2
gONNfEoNaRLNtgaAcxwsLQ,5
NxjUiGBNgyDErKXnmQ3s3w,5
vK1_qKEG7zHvjiTOsN0CRg,5
pApEPv1-ApXee4GYYMB5AQ,5
9gPQvgpJTIt0yaYbCUOnHA,4
KXGkJy-s9W1re2sXqSqoiA,2
EiGzKrJIwnwWwAlyvwjpSA,5
EVbEdWYLE9GDpVG97MGw-w,4
Uk9-e66y4oWIZ5u946iJiQ,2
ZHQU79PMUGCX0fEoyCcWlw,1
yet0Pww_ouW49T7V41ecSw,3
Jzth-y32SyvOhJNgbIPTqQ,1
rhKzcgMm8CDhu7RZz_XxqQ,5
EHC5DREBj5BxVElWQsUIew,5
Z0ukPkDOC7GqgS8xAMuI6Q,3
zfiSQ1dl3vTJ-og96eqXGA,4
py474pAs_QPjv2766jLBLw,4
Md_TTNUkO7U47b3cass4gw,4
uSuEv4Jh9BGViT-ZQ1xzBA,5
txoQAX_qwsValfjHWhWp_A,5
-cBQKodqi77Q0vk-9iDvQA,5
yIoMFpefEVax9hdVbWPnOQ,2
31fbLq_lHPVXB4dtj4pW8Q,5
_PIxbGyLZONKMI3MV8sR6w,4
sc3dzhgg_8S2WUSIj6qxzw,1
KjA9PdRnrh_NtN0rVxMGSA,5
nChi_8Gygb6NUMa_kg_tlQ,5
2GmGT-7QjowR1ihup3FbVA,5
EveFgxNoHkrs8ncSjkoINA,5
qz1W23W4HafC89WIC1DJhw,5
R9osrGLOriBmKbYwXpWvdQ,5
uIE9H0cz2AvxorEqy5cZ0w,1
PgpO8RswM-xOitG4PBNo1w,5
DEeGnshpgUOIOjhq_dd5Ug,2
IWOQNyRqWrnqQA5K49eK5g,3
wl0QZqAzr1DelslQ02JGCQ,5
WAWWO9PCDTDiXwkKdkw5yA,5
tZSZTtFf6Auf3ijfx8KrzQ,5
Cv3NIg9Ahl-x86riaalXSA,5
WA0S3SRTaqPZLb-KYk9u6Q,5
AtSEe-B2mFmLFHBf4PLTrw,3
EUg6vHQRLHRw39bmompHcw,4
m8Cbph-0tlMaYyXDwvKc3A,4
WPUf-Eo6PHxDNqPygahiUA,3
Sg9R6OwNBq5Zf-kjiVBxuw,1
Mul_BVwcnhqmp2h_7QFepQ,4
3vOWSanFt56CwRJOE9Kj_g,3
ydt5yifyYhF5s430llv_Hw,2
utoTa3Ngv_oSfB5TIMgN_Q,2
bhosqo-Q1xp67iLqrd1Rbw,2
NXU5CcXh2y0Ns5OJQ2wkgg,4
Yqrahz7JPKMoZUTE4LOINg,1
0U-1Wkl7y-wv39qM6WKL_w,4
V4eBX4KO_1jfWJP_EgnLAA,3
Nimxlt2BJQ_PuSFZ3iR10A,1
_BinpQSjqtEgycxQxKHIGg,1
zT45hBptOygpgCddHZRsjA,5
py474pAs_QPjv2766jLBLw,4
3k4IgQRkxpzhz2mKxR6fIg,1
IDnUMj44iEhBn8I9BBLQbw,3
CRVtzesMuwHK-phmS_ojaA,4
SFwOkS8pe25qpaSRZ_gGsA,3
bqMEml5HIFSMo4CPfjlG0A,4
Wiz6MLKtsiRBbt_MFCjaNw,2
Hg_BvWg5ywPD1hzUw3UWfQ,4
ioY-a1TntpsAGJAG5_1Zyw,1
JC9jPWS9IX6xfX_9MiU4Cg,5
somNslYhaw-amdfh2Ol6Qw,1
DPZBuTuL7w5MVxsCEyQudQ,1
P1du4TYLq4lvrwJzHt1pNw,1
d0z2wUeAuqB5eSpMQ4fC1w,1
aNSHsgyr2rt1LnYRtc6SPg,5
CQokoa1vN8j6OP7dyizJDw,5
TcQW4DNawqXGACLawaieyg,5
qVri-kxCnhQjXuU4cmhANA,2
mW97sJ9JVjs_REfp6XjRhQ,5
vK1_qKEG7zHvjiTOsN0CRg,4
Oq_xWfwt5uJj_GTdnxAMyg,5
JwWeolTHTWRDdbT0Zb6WLw,5
zG4sdiMWE7CZAsfrM4j6GA,5
OD09pm-MzynigAvD5KoGPA,5
UZfkeJXeypCOIwqTz0O52w,5
2m069BaxOm83GEJMuZatUw,5
p-9tfaYQrfz0FlvsOVDVUA,4
LXKVQdkTXW--JcB3ahZ9AQ,1
HkbNItNrnXlNo59M0YyoMg,4
ZUyWD8Rs_JY_yzw-t6VTBg,5
Mul_BVwcnhqmp2h_7QFepQ,4
CoHa0hNT2hsL8RrbocYJdw,4
dEq4Yj50tWOSzxqXloahsw,4
0pMsVlUu_MbFqmvbA8F79Q,2
bFfWZ4TEyejefj4yk41M5Q,3
txoQAX_qwsValfjHWhWp_A,4
HIzy8IRukyE_k4GRXJ3ViQ,5
4fbH3Yr1D5r5-QD-HReDlg,4
xxo0GsAFxQzUGStmCG6jWw,3
riM-pBsdqRRVXtAVbLfsxQ,2
5jxn3_C5rjBow-aiBqcQNg,1
ad0LjmuXhUGBxTSkve5LZA,5
YmOWkved7K8q3eXgf4NNnA,4
M0REssWReekYlXb7rjkH6A,5
DnmLAQuSSF6oSyNi3Dg4uQ,2
2yCau2HWo3Ta4L0RYBJSQg,5
SurnOSM2bVVN4-Js3G23RQ,2
gouIMkOjkmOvgkR1lcUM4g,1
R8YuiPjyuKZJ93mI9Vka9g,5
LqfTM00I_qAMKSinXh4PtQ,5
t53w4JlkxTau-G-TzhSWog,5
_MnVcS4TwnqjFT6pNb1MrA,4
KBfzlzBNUJn-MsgFf-MX2g,4
pHpU8lnnxMuPWRHOysuMIQ,5
AqYLbchnIxVSBdUJuLVdrA,5
vSnLt7ZJp-esmmzxLmiX3g,5
y13R5Bhd0x4CJk7f3IKhsA,5
Gw-ozqLSHoP3BQPKaiXJGg,5
BbGs3XK0x9NEImer3LQD3w,5
atAjzQ7CUw_wM-GNh8piSA,1
FsCujpVh9Za2Dl5MIYLCxA,5
ef3JvfbHxFWUXuM09NN-Sg,1
uu4lXoxQUFMXyVlhRtoU5w,5
G80M0Pvd8piLkzOvuJIY6w,5
fGVZqXadtkQa9CN6dR6crw,5
HgPMvJsTaX73S3cBNmIrkw,1
j8qHhuVSjfRPTnmzoCW9sQ,5
ACb637NG7EnswRs8U_BX_w,5
aVkVDJ01OgvNwhlCUz_bng,5
CRVtzesMuwHK-phmS_ojaA,5
T-0707ku9Ovt-Y8fLA2TrA,1
kd1dU6oCXpB6gMWKZgvmvg,5
ZvtELJTUOh0yRrPxyyiakQ,5
w4zb3G31oVVmJUfL86YZiQ,1
tvs4Ghov6ReD_3T0_CFBIg,5
Wnq5to0-jXyh0-_jRZ6VOQ,4
jaCOkWbIqNBO6JkEkh2Wcg,1
l_4c__U60fVeTe4IYZBR3w,5
hRL_qCrcu9UL773su0QabQ,5
n2HkJt3y4Uvwex5AT5IeRA,1
riM-pBsdqRRVXtAVbLfsxQ,1
yvwK4MO2qnSZE5ggYGyk1A,3
h8XdexOcJlfLOwXIDtyalg,3
CO_pozE8p0bmptoeVQQk4Q,5
5lZpyuWjC7L9uJfLfqIQ_w,5
3MdLnbpkvTcsKkMszUv_3g,5
GtCrKxpL_JSwXr2yxMLt5A,5
g4JypcIOoGejIncLl3OF1w,5
SwjDIOUA3zFpHptkLe3KCQ,2
KcbFFh7xfBLl2YeXQRhUNg,5
DPZBuTuL7w5MVxsCEyQudQ,4
CcTvk2-unBwmAZmU3PlKww,4
JzOp695tclcNCNMuBl7oxA,5
366FaRQ1MWEHBhaEKTcriQ,5
iBihgoxc6Ot7m2D4D3z0QA,5
PRbIMseOwPCCRv5C4SfTDQ,5
mexmHY_BsBQnrCcp_kQF4A,5
QS2kvdgJ-X2cUJrxBWgT7g,1
_MzJncLDDFC7-0QLt1KQcg,5
yet0Pww_ouW49T7V41ecSw,4
GdPWJo3z4ySEXpF7Wkn3FA,3
tGHUIqqlcBf4CEdX99tG8A,4
-s_U95xEEmJu5GK-srqpUA,1
Wrd9LAbc8IOoAS5H6uw9sw,1
ggUT83oyw7KQbB-o1IOuQQ,5
pyTreZlATxEx4emDPH5NtQ,5
U6P56MjLrraN0JBNvOjxaA,3
aXsmmtepl0JZNcl3pkXqww,4
5FIOXmUE3qMviX9GafGH-Q,3
0TBTV3q6QXCn9vNhy3Xi2w,4
yIoMFpefEVax9hdVbWPnOQ,3
NxjUiGBNgyDErKXnmQ3s3w,5
bilj5I2GPCE-bIid9P2XdA,2
JzOp695tclcNCNMuBl7oxA,5
Yoc9_4sv6AT1AIohPPiGbA,1
Md_TTNUkO7U47b3cass4gw,1
PlJMs0vV9rIS9jTjSPoKkA,1
Iqu-RwRA4XfwILKQLKQZew,5
tWiFat101ID5w_wgAPMXhA,4
P6c0lV9DeJ6ofntpTWyqhA,3
Ee3bI8VXPU2PGE_vJg3Pqg,1
-P8zE64sftc0tkg2hiQeqQ,5
qcIaV85ruI4owcfivYRT4Q,5
oVAySgyWYzzmvJpTJ8PO5Q,5
futvxFkM42RYxXr8ROogBQ,5
Wrd9LAbc8IOoAS5H6uw9sw,4
SurnOSM2bVVN4-Js3G23RQ,5
ZDoqO7cSDoWGNi-8OV2-Ew,1
O_cvS8uAocco3R3Pg9np-g,4
GdPWJo3z4ySEXpF7Wkn3FA,2
ZhjU0FkCIaG43F83TwSN8w,5
ePjHWTk1AzpYbuh4lFzhxg,4
YKcKWiqIhTzTnqOYWvq7aA,5
j-WyPKVDSn4WGX1YE5oy6A,5
zfiSQ1dl3vTJ-og96eqXGA,5
sc3dzhgg_8S2WUSIj6qxzw,5
ZQoS396XFu-CkViZnBef9Q,5
N-PAAZ7g_MsXIrUPHS9PYw,5
FsrTvW5RDAxfcOKsNk5t-Q,1
oXtNK3A31VrWb43gLnEPdA,5
PK_yJS579FjaNiCkGGa6iA,3
diAJlvbE8UrRQ9RN2nZ5Tw,3
iBihgoxc6Ot7m2D4D3z0QA,4
Rj3wnYT1QAxpJlRT5mMc-g,5
3KFWuiz8lla9SospgQn6Yg,4
iBihgoxc6Ot7m2D4D3z0QA,4
nW4UcZHFbmKgTTkmN1vx5A,5
aiX_WP7NKPTdF9CfI-M-wg,5
a1jkxammnO_xlIEvCJUn-Q,5
_M5ngf01IBY-v5LhluT-9w,1
5EIJCSrXLHvM2HEoKCejpw,3
YsLOVXOU4bxK_IAEZHZqLA,5
Zm2UxtBawR1oufodiW0tZw,5
EVbEdWYLE9GDpVG97MGw-w,3
AvC4DNDxs7XiET_RsiwMqw,5
EdmqizHq1G87882yRsqONw,5
WozFaG_gz9SpHFc8DA-xpQ,1
NlxSKTGm2khkYloVMoKlRw,5
biVQDp3K_vNP1eK5wGZOJg,5
v8QuF4YX9Bb-qEtKLVPrmA,4
zDyv4CoaYvAgQhgr1IK1sg,5
Alk4frpiwOJMHuW-b6f77g,5
jlbP9Yd0AQP8OlcsFkZ4hQ,5
t61eGISz7qMOxEe7o3vwEw,5
yet0Pww_ouW49T7V41ecSw,2
E_eIph8IT10Uo06ZdWwoUw,4
8B1TIuaqhaZ7QMEhDUu-Gg,1
JzOp695tclcNCNMuBl7oxA,5
kj1p6NwUGROOoqNySf0I1Q,4
tLCZdAt83gvD6Me_Vshu1w,5
CRVtzesMuwHK-phmS_ojaA,5
UBQRhqRMW4Sk7kSZvZ1iAQ,5
DjvpsmdtEvnyMk2vXxpc-w,4
u3wWkEDVva0coF_AmzK3lg,5
x8YplLfloOzGGL8vlkeILw,1
Uk9-e66y4oWIZ5u946iJiQ,2
2GmGT-7QjowR1ihup3FbVA,5
614VPl1kNHVG3Cc98w585Q,5
c4lY3hHlf38c2Bxp9gDcDA,5
T-0707ku9Ovt-Y8fLA2TrA,2
6C_8Mh4lmLc_QEs3hHleBg,5
dDZqtA1me453GrMtpcpYOQ,5
21fK0m8sQFbRQv3RlskE2w,4
xxo0GsAFxQzUGStmCG6jWw,4
2GmGT-7QjowR1ihup3FbVA,5
d3C5QTYpZCdp2pV1Cq5G_g,4
riM-pBsdqRRVXtAVbLfsxQ,4
X1twjafYxMCpKt2MqvY5Tw,1
SWhHaWFuijy_KDs0zVCJog,4
KYdIiZInYh2aWZSMoc5N-Q,2
zT45hBptOygpgCddHZRsjA,5
bZP7Zzm3EGEUKcnVVqHweg,2
5FIOXmUE3qMviX9GafGH-Q,3
YmOWkved7K8q3eXgf4NNnA,2
3k4IgQRkxpzhz2mKxR6fIg,5
lC2hnEYBN_97HXDQnpGpZA,4
fE9SP84G6TZrv36FLbCy7w,3
DPZBuTuL7w5MVxsCEyQudQ,1
wa8QgXQu1ZxwPgdRl9lYlg,4
DF6kMTHYuKKME_00AinR-w,4
vU8-ATy2-MASm-bQXdhRaw,3
aiX_WP7NKPTdF9CfI-M-wg,4
UBQRhqRMW4Sk7kSZvZ1iAQ,4
9kjk05G50XWnmJQBz_wcnw,3
sahppzQJ0HtvMC7L8ILTVg,4
vBV5IbpTgUKuu2HlneE2NA,3
2q2gGuigGrCFmx3juLAVww,4
Y_3wdqZUoi8qyW7ZugIQNw,5
W2CzAePJakvARgoQuohbOA,5
NUhHkT1wfXsTLxt_tWwVXw,4
3vta1BSPwdSulcCFMpBjDw,3
AfN3Z1U6QPEgAb5F2CQm8w,4
SIVi2UQp1UT0lMIoqHP0QA,1
0TBTV3q6QXCn9vNhy3Xi2w,4
wa8QgXQu1ZxwPgdRl9lYlg,5
puQ2WGO0L2KvKqNQCJYZRw,4
OoYwJANV9zD-_OA4Atu-gg,3
v0YATh4rCiPlBpSyNmh3tQ,4
8F-CalsRSKiPjjsx8ql8Lg,2
LRnzpnNQWwpN3Bu24W53CA,5
ZvtELJTUOh0yRrPxyyiakQ,5
p-wnqIJkii8YWAFjEWRf8g,2
r1uDaWsmrbNO4CC2Pei9RA,2
AxluhyBhbxz0Ndfmi0GjwA,1
n43SvzsYHO_4UTC_QwrZKA,4
1XVAnB6BTCSlk89LW_jgfw,5
AZQKMMvX9m1-uTdLPMzK3g,5
VxYKVSpJOW9VanwWq9KDVg,5
YzLcxkQC33HdOEw5XKYjLA,5
-IZvuqxekWEvJqDw308daQ,2
diAJlvbE8UrRQ9RN2nZ5Tw,1
-xIrVu_7prj_0GDl1tds1w,4
2hoBLBsbAdfvFOz8q8OIjw,5
-xIrVu_7prj_0GDl1tds1w,5
uO81UPtXJK9L0s1rOkwMjQ,2
gVEJPnEuy3wf0EA5OJEXGw,5
CaF9FC8GEBfDDbptPgkgBw,1
-gcS8S7aiHTwYROMC5QP5A,5
gS95Lei8i0mXANdCz7Nhbg,5
yvwK4MO2qnSZE5ggYGyk1A,5
GZ1Kaj4Z2gRS2RsxsQf7aQ,1
SnpFUqKG6ZjurXYq5wZU_g,5
Dy8BVSkF2VfqGmjb-x56UQ,5
fDDL7yxkCs1qniw0PzVT1Q,5
Jzth-y32SyvOhJNgbIPTqQ,4
zG4sdiMWE7CZAsfrM4j6GA,5
NxjUiGBNgyDErKXnmQ3s3w,4
3KFWuiz8lla9SospgQn6Yg,3
rq2Xrp23vN_ur2zNIqGYPw,2
CO8MpD1bSkBPArXKBKkIfA,3
CRVtzesMuwHK-phmS_ojaA,4
BYQXVyuarIvLi32JzMLSVg,3
UY13CTgUqriT-fMxT2APLw,3
wl0QZqAzr1DelslQ02JGCQ,3
QNraL-gIxGAeXY2bNqTDdQ,3
JT7cr4C-_ZjjxilGXVrpIA,3
U6P56MjLrraN0JBNvOjxaA,3
Zm2UxtBawR1oufodiW0tZw,1
HJLiVxuvtN0n73BASSZKoQ,4
qgAZPDQStZP_Y5XTiQ6UqA,5
2GmGT-7QjowR1ihup3FbVA,4
t61eGISz7qMOxEe7o3vwEw,4
utoTa3Ngv_oSfB5TIMgN_Q,3
JzOp695tclcNCNMuBl7oxA,4
OoYwJANV9zD-_OA4Atu-gg,4
Mul_BVwcnhqmp2h_7QFepQ,5
T07NQ5miw4ktFJO3vsgAEw,5
RyJIi1IP0UQ5qGbwazgsIA,5
QuybD_bJcAB2CHcpTfREYg,5
kN6V5kQgB6rKzxom4e8pqA,1
BBt-H2kcXYGumD0Ey84hQw,5
C2XhRIxtylJO1XfC54f6oQ,2
O_cvS8uAocco3R3Pg9np-g,5
r8hVqm9DeasZ0Bf2KMhbeg,4
wXsccicHhEvNssIJhdmS2Q,5
SFwOkS8pe25qpaSRZ_gGsA,5
O6obMXRKCnLMygvm2fSp0w,1
u9va4ksYFYJe6FkXkHOo7Q,5
aVkVDJ01OgvNwhlCUz_bng,4
JzOp695tclcNCNMuBl7oxA,5
D3ehpx1uKG5aLuaJgztYDg,4
1SLJKRYPRifERga33AjK7Q,5
E_eIph8IT10Uo06ZdWwoUw,1
vI5AXBTPqTjmCsJHkMU7jg,5
P69sEJwyoUqjBXiqjkKwDA,5
T_s4IcIJf5ZHyy8zC28UGw,1
GzNbN1Y2OWVk_QJ1zLZbtg,5
7dtcBJH9qxtxx1PWnzT10A,5
PK_yJS579FjaNiCkGGa6iA,5
4uZkUUbl6dr_bjmS2QNnbA,5
qUMPCi_h3mkrmCBUhXP4qw,1
KMJs7cJjbTVtyv9LCBPjxA,2
_uMRu3765QYo0Qg1z1LKqw,5
PkOizWt7NQ4Cy7ggVRFWGw,4
wNry60kAR9YmowoBwqncbQ,1
uKKNw68mZZaa1jcyszEbyA,2
JBZzE2ZJe7l0iEwQLjCJzw,4
1UweGrt6mgiTCfsmLMiUxg,5
pdr6U7qSa9jIivVy_glF-w,4
GIhzzb9tjqLCYdNP_k3-dQ,3
JzOp695tclcNCNMuBl7oxA,4
ad0LjmuXhUGBxTSkve5LZA,5
eXQW4RvqM79-u3TOKlJe3Q,5
wha9cBvuyfLZRyCSJER1EQ,5
pvrWPRP9AENdjXcuPwMDwQ,5
mUAaF_2LyecIoTzbOPsewg,5
im5wDqyQOWVL_OEAB1vOXQ,5
L4w_1GqHW-JbtJBKr0y-mA,1
3JnO3AEqRD8DbXkWP-gTFw,4
2rLuOMi6Q6zzqUU8ltreSA,5
om7lh8keQs3hhQoNFEjuUw,5
QT4Ub4DlaDX52vdnKutD0A,5
3Ll-F55gm-tDXy3I37beJA,1
OoYwJANV9zD-_OA4Atu-gg,1
_BJdRw73rGb35ofd3ElTUA,5
Hr5h_LG9TMBLlFz_Oici0A,4
_zk9LLHk3QUEfaiLL_VfGQ,3
QBLl3bVLWZB4-jS-O_MKug,4
Mul_BVwcnhqmp2h_7QFepQ,4
Dqzkdf0sz8lm9AFjfsDmIw,4
M9fOuiesoUSaouOqNQ3U2w,3
1Z4_zSITNVQ_Bt027R0S1g,4
biVQDp3K_vNP1eK5wGZOJg,3
aVkVDJ01OgvNwhlCUz_bng,2
tIauOelAC3BZk_xhMoDBUg,4
kj1p6NwUGROOoqNySf0I1Q,5
NqlkeYitexkmyiS6LnWkCA,5
U6P56MjLrraN0JBNvOjxaA,4
QDJ0UYHK5lDWiniL-ALM-Q,5
0pMsVlUu_MbFqmvbA8F79Q,3
_uMRu3765QYo0Qg1z1LKqw,5
aqMfCbFNeWn1a4Evds83fg,5
v_tMfa0awn16PMCw7CFnkg,5
RiPmWd8i5SsihiAb0S6jdw,4
CQokoa1vN8j6OP7dyizJDw,1
g9oCVqOhR4vg7yvtDaEIkA,3
JlfjUgit5RjPxMR86Fd82g,5
N59Rkr_cUXJPYSjGOv4vBA,4
BaPKO2rV_uaOtRliKtaFcQ,4
W2CzAePJakvARgoQuohbOA,2
tamr4J75GguGhF1hm1wEaA,4
HW87OtI41rtPajSZ8qyHJw,4
dO2V9ut5x8Zx_XhYrNp4Ig,3
riM-pBsdqRRVXtAVbLfsxQ,5
m_-rq1_VDUJl2R5T5S6ZCA,5
ekdlaQSb1pngTU0GpU5zhA,5
xxo0GsAFxQzUGStmCG6jWw,2
doW7nAJX6PeH0Ig_mhJsGg,5
s1500k_u6yScouzQ-RUb6A,4